{
  "_fv": 34,
  "_type": "tool",
  "definition": {
    "renderType": 1,
    "texture": "fire_sworld",
    "customModelName": "momon_sworld:default",
    "name": "Momonsworld",
    "specialInfo": [],
    "creativeTab": {
      "value": "CUSTOM:Overlord"
    },
    "toolType": "Sword",
    "harvestLevel": 10,
    "efficiency": 6.5,
    "attackSpeed": 1.3,
    "enchantability": 10,
    "damageVsEntity": 20.0,
    "usageCount": 300,
    "blocksAffected": [],
    "hasGlow": false,
    "repairItems": [],
    "immuneToFire": true,
    "stayInGridWhenCrafting": false,
    "damageOnCrafting": false
  }
}