{
  "credit": "Made with Blockbench",
  "texture_size": [
    32,
    32
  ],
  "elements": [
    {
      "from": [
        6.5,
        6.5,
        8.5
      ],
      "to": [
        11,
        7.75,
        9
      ],
      "rotation": {
        "angle": 0,
        "axis": "y",
        "origin": [
          0,
          -8.25,
          0
        ]
      },
      "faces": {
        "north": {
          "uv": [
            8,
            3.5,
            10.25,
            4.125
          ],
          "texture": "#0"
        },
        "east": {
          "uv": [
            13,
            9.5,
            13.25,
            10.125
          ],
          "texture": "#missing"
        },
        "south": {
          "uv": [
            8,
            4.5,
            10.25,
            5.125
          ],
          "texture": "#0"
        },
        "west": {
          "uv": [
            13,
            10.5,
            13.25,
            11.125
          ],
          "texture": "#missing"
        },
        "up": {
          "uv": [
            12.25,
            9.25,
            10,
            9
          ],
          "texture": "#missing"
        },
        "down": {
          "uv": [
            12.75,
            3.5,
            10.5,
            3.75
          ],
          "texture": "#missing"
        }
      }
    },
    {
      "from": [
        7,
        7.75,
        8.5
      ],
      "to": [
        10.25,
        9.5,
        9
      ],
      "rotation": {
        "angle": 0,
        "axis": "y",
        "origin": [
          0,
          -8.25,
          0
        ]
      },
      "faces": {
        "north": {
          "uv": [
            8,
            1.5,
            9.625,
            2.375
          ],
          "texture": "#0"
        },
        "east": {
          "uv": [
            5.5,
            13,
            5.75,
            13.875
          ],
          "texture": "#missing"
        },
        "south": {
          "uv": [
            8,
            2.5,
            9.625,
            3.375
          ],
          "texture": "#0"
        },
        "west": {
          "uv": [
            13,
            5.5,
            13.25,
            6.375
          ],
          "texture": "#missing"
        },
        "up": {
          "uv": [
            13.625,
            1.25,
            12,
            1
          ],
          "texture": "#missing"
        },
        "down": {
          "uv": [
            13.625,
            1.5,
            12,
            1.75
          ],
          "texture": "#missing"
        }
      }
    },
    {
      "from": [
        6.75,
        6.75,
        8.75
      ],
      "to": [
        10.25,
        8.25,
        9.25
      ],
      "rotation": {
        "angle": 0,
        "axis": "y",
        "origin": [
          0,
          -8.25,
          0
        ]
      },
      "faces": {
        "north": {
          "uv": [
            8,
            5.5,
            9.75,
            6.25
          ],
          "texture": "#missing"
        },
        "east": {
          "uv": [
            8,
            13,
            8.25,
            13.75
          ],
          "texture": "#0"
        },
        "south": {
          "uv": [
            8,
            6.5,
            9.75,
            7.25
          ],
          "texture": "#0"
        },
        "west": {
          "uv": [
            8.5,
            13,
            8.75,
            13.75
          ],
          "texture": "#0"
        },
        "up": {
          "uv": [
            12.75,
            11.75,
            11,
            11.5
          ],
          "texture": "#0"
        },
        "down": {
          "uv": [
            1.75,
            12,
            0,
            12.25
          ],
          "texture": "#missing"
        }
      }
    },
    {
      "from": [
        6.75,
        6.75,
        8.25
      ],
      "to": [
        10.25,
        8.25,
        8.75
      ],
      "rotation": {
        "angle": 0,
        "axis": "y",
        "origin": [
          0,
          -8.25,
          0
        ]
      },
      "faces": {
        "north": {
          "uv": [
            8,
            7.5,
            9.75,
            8.25
          ],
          "texture": "#0"
        },
        "east": {
          "uv": [
            13,
            8.5,
            13.25,
            9.25
          ],
          "texture": "#0"
        },
        "south": {
          "uv": [
            8,
            8.5,
            9.75,
            9.25
          ],
          "texture": "#missing"
        },
        "west": {
          "uv": [
            9,
            13,
            9.25,
            13.75
          ],
          "texture": "#0"
        },
        "up": {
          "uv": [
            13.75,
            0.25,
            12,
            0
          ],
          "texture": "#0"
        },
        "down": {
          "uv": [
            13.75,
            0.5,
            12,
            0.75
          ],
          "texture": "#missing"
        }
      }
    },
    {
      "from": [
        -3,
        28,
        8.5
      ],
      "to": [
        -1.75,
        31.75,
        9
      ],
      "rotation": {
        "angle": -22.5,
        "axis": "z",
        "origin": [
          0,
          -2.75,
          0
        ]
      },
      "faces": {
        "north": {
          "uv": [
            6,
            7.5,
            6.625,
            9.375
          ],
          "texture": "#0"
        },
        "east": {
          "uv": [
            3,
            11.5,
            3.25,
            13.375
          ],
          "texture": "#0"
        },
        "south": {
          "uv": [
            3,
            9.5,
            3.625,
            11.375
          ],
          "texture": "#0"
        },
        "west": {
          "uv": [
            3.5,
            11.5,
            3.75,
            13.375
          ],
          "texture": "#0"
        },
        "up": {
          "uv": [
            13.625,
            11.75,
            13,
            11.5
          ],
          "texture": "#0"
        },
        "down": {
          "uv": [
            13.625,
            12,
            13,
            12.25
          ],
          "texture": "#missing"
        }
      }
    },
    {
      "from": [
        17.5,
        21.75,
        8.5
      ],
      "to": [
        18.75,
        25.25,
        9
      ],
      "rotation": {
        "angle": 22.5,
        "axis": "z",
        "origin": [
          0,
          -2.75,
          0
        ]
      },
      "faces": {
        "north": {
          "uv": [
            6,
            9.5,
            6.625,
            11.25
          ],
          "texture": "#0"
        },
        "east": {
          "uv": [
            2,
            12,
            2.25,
            13.75
          ],
          "texture": "#0"
        },
        "south": {
          "uv": [
            8,
            9.5,
            8.625,
            11.25
          ],
          "texture": "#0"
        },
        "west": {
          "uv": [
            2.5,
            12,
            2.75,
            13.75
          ],
          "texture": "#0"
        },
        "up": {
          "uv": [
            13.625,
            12.75,
            13,
            12.5
          ],
          "texture": "#0"
        },
        "down": {
          "uv": [
            13.625,
            13,
            13,
            13.25
          ],
          "texture": "#missing"
        }
      }
    },
    {
      "from": [
        6.75,
        9.25,
        8.5
      ],
      "to": [
        10.5,
        27.5,
        9
      ],
      "rotation": {
        "angle": 0,
        "axis": "y",
        "origin": [
          0,
          -8.25,
          0
        ]
      },
      "faces": {
        "north": {
          "uv": [
            0,
            0,
            1.875,
            9.125
          ],
          "texture": "#0"
        },
        "east": {
          "uv": [
            7,
            1.5,
            7.25,
            10.625
          ],
          "texture": "#0"
        },
        "south": {
          "uv": [
            2,
            0,
            3.875,
            9.125
          ],
          "texture": "#0"
        },
        "west": {
          "uv": [
            7.5,
            1.5,
            7.75,
            10.625
          ],
          "texture": "#0"
        },
        "up": {
          "uv": [
            13.375,
            5.25,
            11.5,
            5
          ],
          "texture": "#0"
        },
        "down": {
          "uv": [
            9.875,
            11.5,
            8,
            11.75
          ],
          "texture": "#missing"
        }
      }
    },
    {
      "from": [
        5.75,
        3.75,
        8.25
      ],
      "to": [
        11.25,
        6.75,
        8.75
      ],
      "rotation": {
        "angle": 0,
        "axis": "y",
        "origin": [
          0,
          -8.25,
          0
        ]
      },
      "faces": {
        "north": {
          "uv": [
            4,
            0,
            6.75,
            1.5
          ],
          "texture": "#0"
        },
        "east": {
          "uv": [
            11,
            12,
            11.25,
            13.5
          ],
          "texture": "#0"
        },
        "south": {
          "uv": [
            4,
            1.5,
            6.75,
            3
          ],
          "texture": "#missing"
        },
        "west": {
          "uv": [
            11.5,
            12,
            11.75,
            13.5
          ],
          "texture": "#0"
        },
        "up": {
          "uv": [
            12.75,
            2.75,
            10,
            2.5
          ],
          "texture": "#0"
        },
        "down": {
          "uv": [
            12.75,
            3,
            10,
            3.25
          ],
          "texture": "#0"
        }
      }
    },
    {
      "from": [
        5.75,
        3.75,
        8.75
      ],
      "to": [
        11.25,
        6.75,
        9.25
      ],
      "rotation": {
        "angle": 0,
        "axis": "y",
        "origin": [
          0,
          -8.25,
          0
        ]
      },
      "faces": {
        "north": {
          "uv": [
            4,
            3,
            6.75,
            4.5
          ],
          "texture": "#missing"
        },
        "east": {
          "uv": [
            12,
            12,
            12.25,
            13.5
          ],
          "texture": "#0"
        },
        "south": {
          "uv": [
            4,
            4.5,
            6.75,
            6
          ],
          "texture": "#0"
        },
        "west": {
          "uv": [
            0,
            12.5,
            0.25,
            14
          ],
          "texture": "#0"
        },
        "up": {
          "uv": [
            12.75,
            5.75,
            10,
            5.5
          ],
          "texture": "#0"
        },
        "down": {
          "uv": [
            12.75,
            6,
            10,
            6.25
          ],
          "texture": "#0"
        }
      }
    },
    {
      "from": [
        5.75,
        3.75,
        8.5
      ],
      "to": [
        11.25,
        6.5,
        9
      ],
      "rotation": {
        "angle": 0,
        "axis": "y",
        "origin": [
          0,
          -8.25,
          0
        ]
      },
      "color": 7,
      "faces": {
        "north": {
          "uv": [
            4,
            6,
            6.75,
            7.375
          ],
          "texture": "#missing"
        },
        "east": {
          "uv": [
            6,
            12.5,
            6.25,
            13.875
          ],
          "texture": "#missing"
        },
        "south": {
          "uv": [
            7,
            0,
            9.75,
            1.375
          ],
          "texture": "#missing"
        },
        "west": {
          "uv": [
            6.5,
            12.5,
            6.75,
            13.875
          ],
          "texture": "#missing"
        },
        "up": {
          "uv": [
            12.75,
            6.75,
            10,
            6.5
          ],
          "texture": "#missing"
        },
        "down": {
          "uv": [
            12.75,
            7,
            10,
            7.25
          ],
          "texture": "#missing"
        }
      }
    },
    {
      "from": [
        10.25,
        7.75,
        8.5
      ],
      "to": [
        11.25,
        10.25,
        9
      ],
      "rotation": {
        "angle": 0,
        "axis": "y",
        "origin": [
          0,
          -8.25,
          0
        ]
      },
      "faces": {
        "north": {
          "uv": [
            10.5,
            4,
            11,
            5.125
          ],
          "texture": "#0"
        },
        "east": {
          "uv": [
            1,
            13,
            1.25,
            14.125
          ],
          "texture": "#0"
        },
        "south": {
          "uv": [
            10.5,
            7.5,
            11,
            8.625
          ],
          "texture": "#0"
        },
        "west": {
          "uv": [
            1.5,
            13,
            1.75,
            14.125
          ],
          "texture": "#missing"
        },
        "up": {
          "uv": [
            14,
            2.25,
            13.5,
            2
          ],
          "texture": "#0"
        },
        "down": {
          "uv": [
            14,
            2.5,
            13.5,
            2.75
          ],
          "texture": "#missing"
        }
      }
    },
    {
      "from": [
        6,
        7.75,
        8.5
      ],
      "to": [
        7,
        10.25,
        9
      ],
      "rotation": {
        "angle": 0,
        "axis": "y",
        "origin": [
          0,
          -8.25,
          0
        ]
      },
      "faces": {
        "north": {
          "uv": [
            2,
            10.5,
            2.5,
            11.75
          ],
          "texture": "#0"
        },
        "east": {
          "uv": [
            12.5,
            12,
            12.75,
            13.25
          ],
          "texture": "#missing"
        },
        "south": {
          "uv": [
            2.5,
            10.5,
            3,
            11.75
          ],
          "texture": "#0"
        },
        "west": {
          "uv": [
            0.5,
            13,
            0.75,
            14.25
          ],
          "texture": "#0"
        },
        "up": {
          "uv": [
            3.5,
            13.75,
            3,
            13.5
          ],
          "texture": "#0"
        },
        "down": {
          "uv": [
            14,
            3,
            13.5,
            3.25
          ],
          "texture": "#missing"
        }
      }
    },
    {
      "from": [
        5.5,
        5.5,
        8.5
      ],
      "to": [
        6.5,
        7.75,
        9
      ],
      "rotation": {
        "angle": 0,
        "axis": "y",
        "origin": [
          0,
          -8.25,
          0
        ]
      },
      "faces": {
        "north": {
          "uv": [
            10.5,
            10,
            11,
            11.125
          ],
          "texture": "#0"
        },
        "east": {
          "uv": [
            13,
            2.5,
            13.25,
            3.625
          ],
          "texture": "#missing"
        },
        "south": {
          "uv": [
            11,
            4,
            11.5,
            5.125
          ],
          "texture": "#0"
        },
        "west": {
          "uv": [
            4,
            13,
            4.25,
            14.125
          ],
          "texture": "#0"
        },
        "up": {
          "uv": [
            4,
            13.75,
            3.5,
            13.5
          ],
          "texture": "#0"
        },
        "down": {
          "uv": [
            14,
            3.5,
            13.5,
            3.75
          ],
          "texture": "#missing"
        }
      }
    },
    {
      "from": [
        8,
        -3.5,
        8.25
      ],
      "to": [
        9,
        4.7,
        9
      ],
      "rotation": {
        "angle": 0,
        "axis": "y",
        "origin": [
          0,
          -8.25,
          0
        ]
      },
      "faces": {
        "north": {
          "uv": [
            4,
            7.5,
            4.5,
            11.625
          ],
          "texture": "#0"
        },
        "east": {
          "uv": [
            5,
            7.5,
            5.375,
            11.625
          ],
          "texture": "#0"
        },
        "south": {
          "uv": [
            4.5,
            7.5,
            5,
            11.625
          ],
          "texture": "#0"
        },
        "west": {
          "uv": [
            5.5,
            7.5,
            5.875,
            11.625
          ],
          "texture": "#0"
        },
        "up": {
          "uv": [
            13,
            9.375,
            12.5,
            9
          ],
          "texture": "#missing"
        },
        "down": {
          "uv": [
            10,
            13,
            9.5,
            13.375
          ],
          "texture": "#missing"
        }
      }
    },
    {
      "from": [
        2.75,
        6,
        8.5
      ],
      "to": [
        6.75,
        7,
        9
      ],
      "rotation": {
        "angle": -22.5,
        "axis": "z",
        "origin": [
          0,
          -8.25,
          0.25
        ]
      },
      "faces": {
        "north": {
          "uv": [
            9,
            9.5,
            11,
            10
          ],
          "texture": "#0"
        },
        "east": {
          "uv": [
            13.5,
            4,
            13.75,
            4.5
          ],
          "texture": "#0"
        },
        "south": {
          "uv": [
            10,
            0,
            12,
            0.5
          ],
          "texture": "#0"
        },
        "west": {
          "uv": [
            13.5,
            4.5,
            13.75,
            5
          ],
          "texture": "#missing"
        },
        "up": {
          "uv": [
            13,
            8.75,
            11,
            8.5
          ],
          "texture": "#missing"
        },
        "down": {
          "uv": [
            13,
            10.5,
            11,
            10.75
          ],
          "texture": "#0"
        }
      }
    },
    {
      "from": [
        9,
        -0.5,
        8.5
      ],
      "to": [
        13,
        0.5,
        9
      ],
      "rotation": {
        "angle": 22.5,
        "axis": "z",
        "origin": [
          0,
          -8.25,
          0.25
        ]
      },
      "faces": {
        "north": {
          "uv": [
            10,
            0.5,
            12,
            1
          ],
          "texture": "#0"
        },
        "east": {
          "uv": [
            13.5,
            5,
            13.75,
            5.5
          ],
          "texture": "#missing"
        },
        "south": {
          "uv": [
            10,
            1,
            12,
            1.5
          ],
          "texture": "#0"
        },
        "west": {
          "uv": [
            13.5,
            5.5,
            13.75,
            6
          ],
          "texture": "#0"
        },
        "up": {
          "uv": [
            13,
            11.25,
            11,
            11
          ],
          "texture": "#missing"
        },
        "down": {
          "uv": [
            2,
            11.5,
            0,
            11.75
          ],
          "texture": "#0"
        }
      }
    },
    {
      "from": [
        11.25,
        3,
        8.5
      ],
      "to": [
        12.25,
        5.75,
        9
      ],
      "rotation": {
        "angle": 0,
        "axis": "y",
        "origin": [
          0,
          -8.25,
          0
        ]
      },
      "faces": {
        "north": {
          "uv": [
            10,
            7.5,
            10.5,
            8.875
          ],
          "texture": "#0"
        },
        "east": {
          "uv": [
            7,
            12.5,
            7.25,
            13.875
          ],
          "texture": "#0"
        },
        "south": {
          "uv": [
            9,
            10,
            9.5,
            11.375
          ],
          "texture": "#0"
        },
        "west": {
          "uv": [
            7.5,
            12.5,
            7.75,
            13.875
          ],
          "texture": "#missing"
        },
        "up": {
          "uv": [
            14,
            6.25,
            13.5,
            6
          ],
          "texture": "#0"
        },
        "down": {
          "uv": [
            14,
            6.5,
            13.5,
            6.75
          ],
          "texture": "#0"
        }
      }
    },
    {
      "from": [
        5,
        3,
        8.5
      ],
      "to": [
        6,
        5.75,
        9
      ],
      "rotation": {
        "angle": 0,
        "axis": "y",
        "origin": [
          0,
          -8.25,
          0
        ]
      },
      "faces": {
        "north": {
          "uv": [
            9.5,
            10,
            10,
            11.375
          ],
          "texture": "#0"
        },
        "east": {
          "uv": [
            10,
            12.5,
            10.25,
            13.875
          ],
          "texture": "#missing"
        },
        "south": {
          "uv": [
            10,
            10,
            10.5,
            11.375
          ],
          "texture": "#0"
        },
        "west": {
          "uv": [
            10.5,
            12.5,
            10.75,
            13.875
          ],
          "texture": "#0"
        },
        "up": {
          "uv": [
            14,
            7.25,
            13.5,
            7
          ],
          "texture": "#0"
        },
        "down": {
          "uv": [
            14,
            7.5,
            13.5,
            7.75
          ],
          "texture": "#missing"
        }
      }
    },
    {
      "from": [
        10.75,
        5.5,
        8.5
      ],
      "to": [
        11.75,
        7.75,
        9
      ],
      "rotation": {
        "angle": 0,
        "axis": "y",
        "origin": [
          0,
          -8.25,
          0
        ]
      },
      "faces": {
        "north": {
          "uv": [
            7,
            11,
            7.5,
            12.125
          ],
          "texture": "#0"
        },
        "east": {
          "uv": [
            4.5,
            13,
            4.75,
            14.125
          ],
          "texture": "#0"
        },
        "south": {
          "uv": [
            7.5,
            11,
            8,
            12.125
          ],
          "texture": "#0"
        },
        "west": {
          "uv": [
            5,
            13,
            5.25,
            14.125
          ],
          "texture": "#missing"
        },
        "up": {
          "uv": [
            14,
            8.25,
            13.5,
            8
          ],
          "texture": "#0"
        },
        "down": {
          "uv": [
            14,
            8.5,
            13.5,
            8.75
          ],
          "texture": "#missing"
        }
      }
    },
    {
      "from": [
        3.35,
        -0.75,
        8
      ],
      "to": [
        4.55,
        0.4,
        9.25
      ],
      "rotation": {
        "angle": -45,
        "axis": "z",
        "origin": [
          0,
          -8.25,
          0
        ]
      },
      "faces": {
        "north": {
          "uv": [
            4,
            12,
            4.625,
            12.625
          ],
          "texture": "#0"
        },
        "east": {
          "uv": [
            5,
            12,
            5.625,
            12.625
          ],
          "texture": "#0"
        },
        "south": {
          "uv": [
            12,
            7.5,
            12.625,
            8.125
          ],
          "texture": "#0"
        },
        "west": {
          "uv": [
            8,
            12,
            8.625,
            12.625
          ],
          "texture": "#0"
        },
        "up": {
          "uv": [
            9.625,
            12.625,
            9,
            12
          ],
          "texture": "#0"
        },
        "down": {
          "uv": [
            12.625,
            9.5,
            12,
            10.125
          ],
          "texture": "#0"
        }
      }
    },
    {
      "from": [
        7.75,
        -5.25,
        8
      ],
      "to": [
        9.25,
        -3.5,
        9.25
      ],
      "rotation": {
        "angle": 0,
        "axis": "y",
        "origin": [
          0,
          -8.25,
          0
        ]
      },
      "faces": {
        "north": {
          "uv": [
            0,
            10.5,
            0.75,
            11.375
          ],
          "texture": "#0"
        },
        "east": {
          "uv": [
            11,
            7.5,
            11.625,
            8.375
          ],
          "texture": "#0"
        },
        "south": {
          "uv": [
            1,
            10.5,
            1.75,
            11.375
          ],
          "texture": "#0"
        },
        "west": {
          "uv": [
            11,
            9.5,
            11.625,
            10.375
          ],
          "texture": "#0"
        },
        "up": {
          "uv": [
            6.75,
            12.125,
            6,
            11.5
          ],
          "texture": "#0"
        },
        "down": {
          "uv": [
            10.75,
            11.5,
            10,
            12.125
          ],
          "texture": "#missing"
        }
      }
    },
    {
      "from": [
        6.5,
        29.25,
        8.5
      ],
      "to": [
        10.5,
        30.25,
        9
      ],
      "rotation": {
        "angle": 0,
        "axis": "y",
        "origin": [
          0,
          6,
          0
        ]
      },
      "faces": {
        "north": {
          "uv": [
            10,
            1.5,
            12,
            2
          ],
          "texture": "#0"
        },
        "east": {
          "uv": [
            13.5,
            9,
            13.75,
            9.5
          ],
          "texture": "#missing"
        },
        "south": {
          "uv": [
            10,
            2,
            12,
            2.5
          ],
          "texture": "#0"
        },
        "west": {
          "uv": [
            9.5,
            13.5,
            9.75,
            14
          ],
          "texture": "#missing"
        },
        "up": {
          "uv": [
            13.5,
            4.25,
            11.5,
            4
          ],
          "texture": "#0"
        },
        "down": {
          "uv": [
            13.5,
            4.5,
            11.5,
            4.75
          ],
          "texture": "#missing"
        }
      }
    },
    {
      "from": [
        7,
        27.5,
        8.5
      ],
      "to": [
        10,
        29.25,
        9
      ],
      "rotation": {
        "angle": 0,
        "axis": "y",
        "origin": [
          0,
          6,
          0
        ]
      },
      "faces": {
        "north": {
          "uv": [
            0,
            9.5,
            1.5,
            10.375
          ],
          "texture": "#0"
        },
        "east": {
          "uv": [
            13,
            6.5,
            13.25,
            7.375
          ],
          "texture": "#0"
        },
        "south": {
          "uv": [
            1.5,
            9.5,
            3,
            10.375
          ],
          "texture": "#0"
        },
        "west": {
          "uv": [
            13,
            7.5,
            13.25,
            8.375
          ],
          "texture": "#0"
        },
        "up": {
          "uv": [
            13.5,
            2.25,
            12,
            2
          ],
          "texture": "#0"
        },
        "down": {
          "uv": [
            2,
            12.5,
            0.5,
            12.75
          ],
          "texture": "#0"
        }
      }
    }
  ],
  "display": {
    "thirdperson_righthand": {
      "rotation": [
        101.69,
        -86.71,
        98.42
      ],
      "translation": [
        0.75,
        5.75,
        1.25
      ]
    },
    "thirdperson_lefthand": {
      "rotation": [
        48.97,
        85.04,
        -51.89
      ],
      "translation": [
        0.5,
        5.75,
        0.25
      ]
    },
    "firstperson_righthand": {
      "rotation": [
        180,
        -69.25,
        180
      ],
      "translation": [
        2.75,
        6,
        0
      ]
    },
    "firstperson_lefthand": {
      "rotation": [
        180,
        -69.5,
        180
      ],
      "translation": [
        3.25,
        5.25,
        0
      ]
    },
    "ground": {
      "rotation": [
        3.3,
        -34.1,
        -179.03
      ],
      "translation": [
        0,
        10.25,
        -1.75
      ]
    },
    "gui": {
      "rotation": [
        0,
        0,
        -1
      ]
    },
    "fixed": {
      "rotation": [
        0,
        0,
        42.75
      ]
    }
  },
  "groups": [
    {
      "name": "group",
      "origin": [
        0,
        -5.5,
        0
      ],
      "color": 0,
      "children": [
        0,
        1,
        2,
        3,
        4,
        5,
        6,
        7,
        8,
        9,
        10,
        11,
        12,
        13,
        14,
        15,
        16,
        17,
        18,
        19,
        20,
        21,
        22
      ]
    }
  ]
}